Condition,Staleness %,Entailment Failure Rate,Regen Trigger Rate,Entailed After Regen,Gen Cost/Query USD,Regen Cost/Query USD,Total Cost/Query USD,Total Cost USD
Fresh (0%),0,0.9377162629757786,0.9377162629757786,0.08650519031141868,0.0005363439446366782,0.0004968373702422145,0.0010331813148788927,0.2985894
Stale 10%,10,0.9377162629757786,0.9377162629757786,0.08304498269896193,0.0005383863321799308,0.0004977944636678201,0.0010361807958477508,0.29945625
Stale 30%,30,0.9480968858131488,0.9480968858131488,0.06920415224913495,0.0005357948096885813,0.0005031067474048443,0.0010389015570934255,0.30024255
Stale 50%,50,0.9515570934256056,0.9515570934256056,0.06228373702422145,0.0005328866782006921,0.0005010015570934257,0.0010338882352941177,0.2987937
