Condition,Staleness %,Entailment Failure Rate,Regen Trigger Rate,Entailed After Regen,Gen Cost/Query USD,Regen Cost/Query USD,Total Cost/Query USD,Total Cost USD
Fresh (0%),0,0.9377162629757786,0.9377162629757786,0.09342560553633218,0.0005312460207612457,0.0009217416955017302,0.0014529877162629758,0.41991345
Stale 10%,10,0.9446366782006921,0.9446366782006921,0.07958477508650519,0.0005318169550173011,0.0009857906574394465,0.0015176076124567475,0.4385886
Stale 30%,30,0.9377162629757786,0.9377162629757786,0.10034602076124567,0.0005323162629757785,0.0009721048442906574,0.0015044211072664357,0.43477769999999993
Stale 50%,50,0.9584775086505191,0.9584775086505191,0.058823529411764705,0.0005277041522491349,0.000997898615916955,0.0015256027681660902,0.44089920000000005
